{
  "locations": {
    "voucher": {
      "x": 72.26148108016463,
      "y": 145.47611906635035,
      "z": 0.0,
      "rotation": {
        "storage": {
          "q0": 1.0,
          "q1": 0.0,
          "q2": 0.0,
          "q3": 0.0
        }
      }
    },
    "voucher1": {
      "x": 55.85338144259708,
      "y": 47.992871348411505,
      "z": 0.0,
      "rotation": {
        "storage": {
          "q0": 1.0,
          "q1": 0.0,
          "q2": 0.0,
          "q3": 0.0
        }
      }
    },
    "voucher3": {
      "x": 170.14530310165034,
      "y": 177.13593330139503,
      "z": 0.0,
      "rotation": {
        "storage": {
          "q0": 1.0,
          "q1": 0.0,
          "q2": 0.0,
          "q3": 0.0
        }
      }
    },
    "voucher2": {
      "x": 165.0741837407605,
      "y": 48.57425851204262,
      "z": 0.0,
      "rotation": {
        "storage": {
          "q0": 1.0,
          "q1": 0.0,
          "q2": 0.0,
          "q3": 0.0
        }
      }
    },
    "voucher4": {
      "x": 56.417939178287796,
      "y": 112.57675155093006,
      "z": 0.0,
      "rotation": {
        "storage": {
          "q0": 1.0,
          "q1": 0.0,
          "q2": 0.0,
          "q3": 0.0
        }
      }
    }
  },
  "bedX": 250.0,
  "bedY": 250.0
}