{
  "locations": {
    "voucher": {
      "x": 150.5768386470092,
      "y": 52.67128151423162,
      "z": 0.0,
      "rotation": {
        "storage": {
          "q0": 1.0,
          "q1": 0.0,
          "q2": 0.0,
          "q3": 0.0
        }
      }
    }
  },
  "bedX": 250.0,
  "bedY": 250.0
}